7.jpg,13
9.jpg,8
19.jpg,9
20.jpg,16
21.jpg,8
22.jpg,30
23.jpg,10
24.jpg,27
26.jpg,14
27.jpg,9
28.jpg,8
29.jpg,28
31.jpg,126
32.jpg,10
33.jpg,47
34.jpg,49
35.jpg,115
36.jpg,29
39.jpg,20
40.jpg,34
41.jpg,49
42.jpg,68
43.jpg,22
44.jpg,51
45.jpg,16
46.jpg,51
47.jpg,24
48.jpg,75
49.jpg,18
50.jpg,11
52.jpg,19
53.jpg,38
54.jpg,91
55.jpg,50
56.jpg,20
58.jpg,46
59.jpg,62
60.jpg,25
61.jpg,32
62.jpg,25
63.jpg,26
64.jpg,18
65.jpg,29
66.jpg,149
68.jpg,17
69.jpg,22
70.jpg,32
71.jpg,23
72.jpg,189
74.jpg,19
75.jpg,16
76.jpg,13
77.jpg,89
78.jpg,59
79.jpg,14
80.jpg,54
81.jpg,423
82.jpg,81
83.jpg,18
84.jpg,25
85.jpg,107
86.jpg,20
87.jpg,109
90.jpg,13
91.jpg,130
92.jpg,24
93.jpg,12
94.jpg,16
95.jpg,15
97.jpg,20
98.jpg,19
99.jpg,121
187.jpg,28
188.jpg,24
189.jpg,18
199.jpg,8
200.jpg,9
201.jpg,15
202.jpg,9
204.jpg,10
205.jpg,22
207.jpg,11
208.jpg,68
209.jpg,33
210.jpg,8
211.jpg,11
212.jpg,51
213.jpg,169
258.jpg,149
259.jpg,27
260.jpg,33
261.jpg,118
263.jpg,20
264.jpg,16
265.jpg,19
267.jpg,59
268.jpg,50
269.jpg,12
270.jpg,33
272.jpg,8
274.jpg,30
275.jpg,63
276.jpg,12
277.jpg,8
279.jpg,11
280.jpg,11
282.jpg,9
283.jpg,8
284.jpg,114
353.jpg,16
354.jpg,12
355.jpg,25
356.jpg,88
357.jpg,16
358.jpg,15
359.jpg,51
360.jpg,63
361.jpg,14
362.jpg,16
363.jpg,12
364.jpg,92
365.jpg,61
366.jpg,13
367.jpg,25
369.jpg,21
370.jpg,35
372.jpg,41
373.jpg,11
374.jpg,12
375.jpg,16
376.jpg,8
377.jpg,53
378.jpg,69
379.jpg,8
380.jpg,21
381.jpg,8
382.jpg,46
383.jpg,14
385.jpg,30
386.jpg,16
387.jpg,24
388.jpg,14
390.jpg,25
391.jpg,28
392.jpg,27
394.jpg,21
395.jpg,69
396.jpg,17
397.jpg,49
399.jpg,12
400.jpg,60
401.jpg,30
402.jpg,15
403.jpg,13
404.jpg,38
405.jpg,21
406.jpg,76
408.jpg,19
409.jpg,44
410.jpg,12
411.jpg,13
412.jpg,38
413.jpg,8
414.jpg,10
415.jpg,8
416.jpg,62
417.jpg,28
418.jpg,10
419.jpg,9
420.jpg,11
421.jpg,11
422.jpg,37
423.jpg,20
424.jpg,13
426.jpg,10
427.jpg,9
428.jpg,17
429.jpg,9
431.jpg,32
432.jpg,9
433.jpg,22
434.jpg,24
435.jpg,8
436.jpg,14
437.jpg,12
438.jpg,18
439.jpg,10
440.jpg,275
441.jpg,37
442.jpg,16
443.jpg,48
444.jpg,15
445.jpg,19
449.jpg,13
450.jpg,9
451.jpg,24
452.jpg,12
453.jpg,14
455.jpg,9
456.jpg,8
457.jpg,10
458.jpg,73
459.jpg,18
460.jpg,65
461.jpg,9
462.jpg,11
463.jpg,17
464.jpg,11
465.jpg,10
470.jpg,9
471.jpg,27
472.jpg,18
473.jpg,50
475.jpg,10
476.jpg,12
478.jpg,35
479.jpg,14
480.jpg,16
481.jpg,15
482.jpg,12
483.jpg,10
484.jpg,18
485.jpg,15
486.jpg,20
487.jpg,9
488.jpg,11
489.jpg,10
490.jpg,10
491.jpg,10
492.jpg,26
493.jpg,30
494.jpg,39
495.jpg,20
496.jpg,10
497.jpg,38
498.jpg,12
499.jpg,28
500.jpg,21
501.jpg,19
502.jpg,54
503.jpg,9
504.jpg,10
505.jpg,8
507.jpg,17
508.jpg,15
509.jpg,26
510.jpg,8
512.jpg,22
513.jpg,50
515.jpg,16
516.jpg,10
517.jpg,10
518.jpg,12
519.jpg,8
520.jpg,13
521.jpg,17
522.jpg,25
523.jpg,18
524.jpg,30
525.jpg,20
526.jpg,17
527.jpg,10
528.jpg,8
529.jpg,19
531.jpg,9
532.jpg,8
533.jpg,18
534.jpg,15
535.jpg,18
536.jpg,25
538.jpg,28
539.jpg,14
540.jpg,19
541.jpg,13
542.jpg,20
543.jpg,9
544.jpg,25
545.jpg,10
546.jpg,17
547.jpg,15
548.jpg,16
549.jpg,24
550.jpg,21
551.jpg,16
552.jpg,19
553.jpg,11
627.jpg,15
628.jpg,20
629.jpg,21
630.jpg,13
632.jpg,13
633.jpg,30
634.jpg,21
635.jpg,32
636.jpg,11
637.jpg,32
638.jpg,38
639.jpg,23
640.jpg,18
642.jpg,18
643.jpg,15
644.jpg,21
645.jpg,95
646.jpg,23
647.jpg,11
648.jpg,14
649.jpg,8
650.jpg,44
651.jpg,71
652.jpg,8
653.jpg,13
655.jpg,24
656.jpg,36
657.jpg,25
658.jpg,24
659.jpg,8
662.jpg,31
663.jpg,14
664.jpg,9
665.jpg,28
666.jpg,14
667.jpg,31
668.jpg,41
669.jpg,92
670.jpg,11
671.jpg,21
672.jpg,13
674.jpg,25
675.jpg,12
676.jpg,14
677.jpg,24
678.jpg,17
679.jpg,24
683.jpg,30
720.jpg,18
721.jpg,12
722.jpg,75
723.jpg,19
724.jpg,15
725.jpg,14
727.jpg,16
728.jpg,23
729.jpg,40
730.jpg,9
731.jpg,102
732.jpg,33
733.jpg,16
779.jpg,69
780.jpg,29
782.jpg,12
783.jpg,16
784.jpg,15
785.jpg,63
786.jpg,30
788.jpg,12
789.jpg,22
790.jpg,21
791.jpg,12
792.jpg,17
793.jpg,8
794.jpg,23
795.jpg,18
796.jpg,76
797.jpg,17
799.jpg,268
801.jpg,199
802.jpg,28
803.jpg,61
804.jpg,1001
805.jpg,1095
806.jpg,68
878.jpg,10
879.jpg,20
880.jpg,628
881.jpg,14
882.jpg,16
883.jpg,34
885.jpg,23
886.jpg,59
887.jpg,57
888.jpg,22
889.jpg,33
890.jpg,19
891.jpg,21
892.jpg,59
893.jpg,20
894.jpg,11
895.jpg,17
896.jpg,15
897.jpg,52
898.jpg,12
899.jpg,50
900.jpg,36
902.jpg,15
1074.jpg,9
1077.jpg,26
1084.jpg,198
1085.jpg,41
1087.jpg,82
1246.jpg,159
1282.jpg,27
1306.jpg,44
1325.jpg,46
1328.jpg,12
1625.jpg,18
1636.jpg,274
1668.jpg,48
1762.jpg,166
1768.jpg,433
1772.jpg,55
1861.jpg,135
1863.jpg,25
1864.jpg,8
1866.jpg,17
1867.jpg,26
1868.jpg,35
1872.jpg,12
2057.jpg,15
2058.jpg,26
2059.jpg,28
2060.jpg,19
2061.jpg,21
2062.jpg,15
2063.jpg,21
2064.jpg,17
2065.jpg,50
2068.jpg,24
2069.jpg,28
2070.jpg,23
2071.jpg,16
2072.jpg,18
2073.jpg,13
2074.jpg,24
2076.jpg,12
2079.jpg,12
2080.jpg,24
2081.jpg,13
2083.jpg,8
2084.jpg,20
2085.jpg,17
2086.jpg,14
2087.jpg,36
2088.jpg,10
2089.jpg,31
2090.jpg,13
2091.jpg,15
2092.jpg,41
2093.jpg,14
2094.jpg,11
2095.jpg,12
2096.jpg,19
2097.jpg,14
2098.jpg,12
2099.jpg,19
2101.jpg,20
2102.jpg,27
2103.jpg,10
2104.jpg,21
2106.jpg,121
2107.jpg,15
2108.jpg,12
2109.jpg,10
2110.jpg,13
2111.jpg,10
2112.jpg,10
2113.jpg,29
2114.jpg,27
2115.jpg,46
2116.jpg,21
2117.jpg,10
2118.jpg,12
2119.jpg,24
2121.jpg,13
2122.jpg,9
2123.jpg,20
2124.jpg,9
2127.jpg,14
2128.jpg,12
2129.jpg,20
2130.jpg,16
2131.jpg,12
2132.jpg,10
2133.jpg,23
2134.jpg,38
2135.jpg,17
2136.jpg,11
2289.jpg,15
2293.jpg,59
2320.jpg,99
2321.jpg,80
2322.jpg,103
2323.jpg,32
2326.jpg,240
2327.jpg,50
2328.jpg,262
2330.jpg,144
2332.jpg,69
2333.jpg,27
2335.jpg,21
2342.jpg,501
2343.jpg,27
2344.jpg,25
2347.jpg,1912
2348.jpg,834
2353.jpg,175
2354.jpg,271
2355.jpg,254
2356.jpg,119
2357.jpg,276
2359.jpg,262
2360.jpg,1283
2361.jpg,16
2367.jpg,149
2369.jpg,240
2373.jpg,130
2378.jpg,62
2379.jpg,119
2387.jpg,12
2390.jpg,672
2391.jpg,47
2394.jpg,237
2398.jpg,72
2399.jpg,169
2400.jpg,218
2401.jpg,263
2402.jpg,40
2403.jpg,68
2415.jpg,17
2416.jpg,38
2417.jpg,12
2418.jpg,19
2419.jpg,47
2420.jpg,31
2421.jpg,31
2422.jpg,12
2423.jpg,18
2424.jpg,30
2425.jpg,28
2426.jpg,16
2427.jpg,22
2428.jpg,26
2429.jpg,33
2430.jpg,28
2431.jpg,20
2432.jpg,11
2434.jpg,16
2435.jpg,22
2437.jpg,28
2438.jpg,14
2439.jpg,28
2440.jpg,35
2441.jpg,9
2442.jpg,18
2444.jpg,23
2445.jpg,12
2446.jpg,23
2447.jpg,12
2449.jpg,108
2450.jpg,40
2452.jpg,40
2453.jpg,49
2454.jpg,48
2455.jpg,20
2456.jpg,30
2457.jpg,13
2458.jpg,12
2459.jpg,113
2460.jpg,15
2461.jpg,12
2462.jpg,24
2463.jpg,120
2465.jpg,23
2466.jpg,53
2467.jpg,42
2468.jpg,52
2469.jpg,286
2470.jpg,56
2471.jpg,26
2472.jpg,40
2473.jpg,45
2474.jpg,45
2476.jpg,45
2477.jpg,13
2478.jpg,56
2479.jpg,190
2480.jpg,381
2481.jpg,41
2482.jpg,26
2483.jpg,14
2484.jpg,14
2485.jpg,50
2486.jpg,34
2487.jpg,12
2488.jpg,28
2489.jpg,86
2490.jpg,22
2491.jpg,11
2492.jpg,15
2494.jpg,27
2495.jpg,12
2496.jpg,80
2497.jpg,49
2498.jpg,12
2499.jpg,10
2500.jpg,25
2501.jpg,64
2502.jpg,25
2503.jpg,39
2504.jpg,48
2506.jpg,12
2507.jpg,28
2508.jpg,16
2509.jpg,12
2510.jpg,62
2511.jpg,74
2512.jpg,14
2513.jpg,14
2514.jpg,72
2515.jpg,16
2516.jpg,28
2517.jpg,62
2518.jpg,26
2519.jpg,49
2520.jpg,17
2521.jpg,18
2522.jpg,20
2523.jpg,8
2524.jpg,8
2525.jpg,44
2526.jpg,13
2527.jpg,20
2528.jpg,10
2529.jpg,17
2530.jpg,13
2531.jpg,34
2533.jpg,10
2534.jpg,8
2536.jpg,16
2537.jpg,24
2538.jpg,8
2539.jpg,27
2540.jpg,31
2541.jpg,12
2543.jpg,27
2545.jpg,28
2546.jpg,30
2547.jpg,49
2550.jpg,73
2552.jpg,9
2553.jpg,97
2554.jpg,48
2555.jpg,36
2556.jpg,61
2557.jpg,65
2558.jpg,8
2559.jpg,10
2561.jpg,50
2562.jpg,138
2565.jpg,39
2566.jpg,96
2567.jpg,78
2570.jpg,22
2572.jpg,115
2573.jpg,8
2575.jpg,81
2580.jpg,75
2583.jpg,76
2584.jpg,105
2585.jpg,13
2586.jpg,33
2590.jpg,56
2591.jpg,45
2596.jpg,260
2598.jpg,18
2600.jpg,13
2601.jpg,145
2602.jpg,58
2605.jpg,34
2621.jpg,20
2624.jpg,46
2625.jpg,13
2628.jpg,13
2630.jpg,17
2631.jpg,67
2635.jpg,27
2636.jpg,67
2637.jpg,10
2639.jpg,124
2640.jpg,39
2641.jpg,167
2642.jpg,42
2644.jpg,56
2646.jpg,41
2647.jpg,38
2648.jpg,91
2650.jpg,28
2651.jpg,34
2653.jpg,92
2654.jpg,77
2659.jpg,13
2660.jpg,21
2661.jpg,52
2662.jpg,19
2663.jpg,75
2664.jpg,20
2665.jpg,9
2667.jpg,27
2668.jpg,50
2670.jpg,17
2671.jpg,60
2672.jpg,67
2673.jpg,14
2674.jpg,17
2676.jpg,47
2679.jpg,49
2680.jpg,10
2681.jpg,67
2682.jpg,145
2683.jpg,23
2684.jpg,88
2686.jpg,139
2687.jpg,27
2688.jpg,94
2689.jpg,142
2690.jpg,12
2694.jpg,104
2695.jpg,54
2696.jpg,57
2697.jpg,38
2698.jpg,27
2699.jpg,72
2700.jpg,17
2701.jpg,18
2702.jpg,24
2703.jpg,26
2704.jpg,16
2705.jpg,148
2706.jpg,11
2707.jpg,48
2708.jpg,90
2709.jpg,39
2710.jpg,61
2713.jpg,23
2715.jpg,85
2716.jpg,30
2717.jpg,94
2718.jpg,8
2719.jpg,50
2720.jpg,64
2721.jpg,37
2722.jpg,36
2723.jpg,23
2724.jpg,49
2725.jpg,131
2726.jpg,20
2727.jpg,15
2728.jpg,47
2729.jpg,14
2730.jpg,56
2731.jpg,63
2732.jpg,19
2733.jpg,27
2734.jpg,26
2737.jpg,43
2738.jpg,96
2740.jpg,49
2741.jpg,173
2742.jpg,98
2743.jpg,57
2744.jpg,38
2745.jpg,116
2746.jpg,115
2747.jpg,32
2748.jpg,23
2749.jpg,108
2750.jpg,32
2751.jpg,89
2752.jpg,39
2753.jpg,59
2754.jpg,68
2755.jpg,15
2757.jpg,63
2759.jpg,14
2760.jpg,26
2761.jpg,44
2762.jpg,48
2763.jpg,136
2764.jpg,49
2765.jpg,12
2766.jpg,54
2767.jpg,68
2768.jpg,438
2769.jpg,66
2770.jpg,108
2771.jpg,63
2772.jpg,44
2774.jpg,101
2775.jpg,1672
2776.jpg,16
2778.jpg,108
2779.jpg,25
2781.jpg,20
2782.jpg,20
2783.jpg,11
2784.jpg,23
2785.jpg,104
2786.jpg,12
2787.jpg,83
2788.jpg,24
2789.jpg,10
2790.jpg,15
2791.jpg,23
2792.jpg,278
2793.jpg,24
2794.jpg,8
2795.jpg,12
2796.jpg,19
2797.jpg,86
2799.jpg,80
2800.jpg,13
2802.jpg,10
2803.jpg,61
2804.jpg,16
2805.jpg,40
2806.jpg,84
2891.jpg,144
2892.jpg,30
2893.jpg,29
2894.jpg,14
2895.jpg,29
2897.jpg,21
2898.jpg,20
2958.jpg,149
2960.jpg,24
2961.jpg,89
2963.jpg,20
2964.jpg,18
2966.jpg,63
2969.jpg,67
2970.jpg,16
2974.jpg,108
2975.jpg,30
2977.jpg,10
2978.jpg,11
2979.jpg,17
2980.jpg,21
2981.jpg,64
2982.jpg,13
2983.jpg,17
2984.jpg,63
2985.jpg,18
2986.jpg,21
2987.jpg,10
2988.jpg,21
2989.jpg,27
2990.jpg,15
2991.jpg,27
2992.jpg,34
2993.jpg,9
2995.jpg,13
2996.jpg,50
2997.jpg,128
2998.jpg,26
3000.jpg,122
3001.jpg,14
3002.jpg,65
3005.jpg,54
3007.jpg,40
3008.jpg,37
3012.jpg,42
3013.jpg,25
3014.jpg,26
3015.jpg,43
3018.jpg,10
3019.jpg,27
3020.jpg,34
3022.jpg,22
3023.jpg,18
3024.jpg,13
3025.jpg,80
3026.jpg,52
3027.jpg,32
3028.jpg,9
3029.jpg,48
3030.jpg,22
3031.jpg,16
3034.jpg,34
3036.jpg,18
3038.jpg,196
3041.jpg,23
3042.jpg,10
3044.jpg,20
3047.jpg,38
3052.jpg,57
3054.jpg,30
3056.jpg,19
3060.jpg,20
3063.jpg,18
3064.jpg,23
3065.jpg,30
3066.jpg,18
3067.jpg,81
3070.jpg,30
3074.jpg,12
3075.jpg,32
3076.jpg,191
3077.jpg,34
3078.jpg,18
3079.jpg,10
3080.jpg,23
3083.jpg,8
3084.jpg,8
3085.jpg,20
3086.jpg,17
3087.jpg,64
3089.jpg,20
3090.jpg,15
3091.jpg,8
3092.jpg,9
3093.jpg,16
3094.jpg,30
3095.jpg,10
3096.jpg,8
3097.jpg,14
3098.jpg,9
3100.jpg,12
3101.jpg,8
3102.jpg,30
3104.jpg,34
3105.jpg,35
3106.jpg,19
3107.jpg,80
3108.jpg,17
3109.jpg,31
3110.jpg,100
3116.jpg,35
3117.jpg,28
3118.jpg,43
3119.jpg,16
3120.jpg,103
3121.jpg,60
3122.jpg,90
3123.jpg,102
3124.jpg,133
3126.jpg,50
3127.jpg,100
3128.jpg,72
3129.jpg,108
3130.jpg,83
3131.jpg,92
3132.jpg,25
3133.jpg,88
3134.jpg,89
3135.jpg,252
3136.jpg,504
3137.jpg,84
3138.jpg,142
3139.jpg,72
3140.jpg,196
3141.jpg,146
3142.jpg,88
3143.jpg,17
3144.jpg,54
3145.jpg,80
3146.jpg,19
3147.jpg,72
3148.jpg,12
3149.jpg,10
3150.jpg,9
3151.jpg,393
3152.jpg,58
3161.jpg,14
3163.jpg,13
3164.jpg,8
3165.jpg,12
3166.jpg,8
3167.jpg,8
3168.jpg,40
3169.jpg,10
3171.jpg,20
3172.jpg,16
3173.jpg,20
3174.jpg,8
3175.jpg,20
3176.jpg,47
3177.jpg,20
3178.jpg,12
3180.jpg,12
3181.jpg,20
3182.jpg,9
3184.jpg,8
3186.jpg,13
3187.jpg,28
3188.jpg,14
3189.jpg,8
3190.jpg,12
3191.jpg,12
3192.jpg,13
3193.jpg,36
3194.jpg,11
3195.jpg,10
3196.jpg,8
3197.jpg,20
3198.jpg,8
3199.jpg,12
3200.jpg,8
3201.jpg,10
3202.jpg,12
3203.jpg,11
3204.jpg,13
3205.jpg,11
3206.jpg,21
3207.jpg,24
3208.jpg,9
3209.jpg,12
3211.jpg,14
3213.jpg,13
3214.jpg,9
3215.jpg,24
3216.jpg,18
3217.jpg,12
3218.jpg,14
3219.jpg,13
3220.jpg,13
3221.jpg,29
3223.jpg,89
3224.jpg,55
3225.jpg,52
3226.jpg,144
3227.jpg,13
3228.jpg,99
3229.jpg,92
3230.jpg,56
3231.jpg,274
3232.jpg,134
3233.jpg,105
3234.jpg,35
3235.jpg,81
3236.jpg,125
3237.jpg,134
3239.jpg,46
3240.jpg,57
3241.jpg,12
3242.jpg,60
3243.jpg,19
3244.jpg,68
3245.jpg,68
3246.jpg,11
3247.jpg,15
3249.jpg,20
3250.jpg,9
3251.jpg,115
3252.jpg,13
3254.jpg,36
3255.jpg,12
3256.jpg,37
3257.jpg,82
3258.jpg,9
3259.jpg,20
3260.jpg,87
3261.jpg,12
3262.jpg,24
3263.jpg,10
3264.jpg,12
3286.jpg,9
3287.jpg,16
3288.jpg,9
3289.jpg,12
3290.jpg,17
3291.jpg,190
3293.jpg,10
3294.jpg,9
3295.jpg,12
3296.jpg,11
3297.jpg,9
3298.jpg,16
3299.jpg,16
3300.jpg,16
3301.jpg,25
3302.jpg,9
3303.jpg,9
3304.jpg,8
3305.jpg,16
3306.jpg,16
3307.jpg,9
3343.jpg,50
3345.jpg,12
3346.jpg,8
3347.jpg,14
3348.jpg,35
3349.jpg,27
3352.jpg,12
3353.jpg,15
3354.jpg,7
3355.jpg,8
3356.jpg,645
3357.jpg,12
3358.jpg,14
3359.jpg,8
3360.jpg,8
3361.jpg,24
3362.jpg,20
3363.jpg,12
3364.jpg,12
3365.jpg,24
3366.jpg,9
3367.jpg,18
3368.jpg,11
3370.jpg,12
3371.jpg,9
3372.jpg,12
3373.jpg,19
3374.jpg,17
3375.jpg,8
3376.jpg,12
3377.jpg,12
3378.jpg,16
3379.jpg,15
3380.jpg,20
3381.jpg,47
3382.jpg,15
3383.jpg,14
3384.jpg,8
3385.jpg,8
3386.jpg,15
3387.jpg,12
3389.jpg,11
3390.jpg,12
3391.jpg,11
3392.jpg,12
3393.jpg,30
3394.jpg,8
3395.jpg,12
3396.jpg,20
3397.jpg,10
3398.jpg,12
3399.jpg,24
3400.jpg,12
3401.jpg,42
3402.jpg,31
3403.jpg,18
3404.jpg,85
3405.jpg,77
3406.jpg,96
3407.jpg,17
3408.jpg,23
3409.jpg,8
3410.jpg,59
3411.jpg,11
3412.jpg,106
3413.jpg,65
3414.jpg,67
3415.jpg,93
3416.jpg,25
3417.jpg,61
3418.jpg,106
3419.jpg,42
3420.jpg,53
3421.jpg,98
3422.jpg,81
3423.jpg,49
3439.jpg,37
3440.jpg,22
3441.jpg,50
3442.jpg,59
3444.jpg,28
3445.jpg,12
3446.jpg,14
3447.jpg,21
3448.jpg,107
3449.jpg,38
3450.jpg,21
3451.jpg,13
3453.jpg,20
3454.jpg,21
3455.jpg,59
3456.jpg,45
3457.jpg,23
3458.jpg,261
3459.jpg,43
3460.jpg,60
3461.jpg,35
3462.jpg,92
3463.jpg,48
3464.jpg,46
3465.jpg,26
3466.jpg,9
3467.jpg,35
3468.jpg,41
3469.jpg,74
3470.jpg,69
3471.jpg,78
3472.jpg,107
3473.jpg,80
3474.jpg,108
3475.jpg,108
3503.jpg,42
3504.jpg,22
3505.jpg,29
3506.jpg,111
3508.jpg,25
3509.jpg,10
3510.jpg,77
3511.jpg,10
3512.jpg,16
3514.jpg,53
3515.jpg,15
3516.jpg,12
3593.jpg,84
3594.jpg,56
3595.jpg,89
3596.jpg,95
3597.jpg,125
3598.jpg,11
3599.jpg,143
3600.jpg,31
3601.jpg,82
3602.jpg,52
3603.jpg,138
3604.jpg,29
3605.jpg,12
3606.jpg,110
3607.jpg,10
3608.jpg,37
3609.jpg,69
3610.jpg,24
3611.jpg,24
3613.jpg,58
3614.jpg,19
3615.jpg,35
3616.jpg,32
3617.jpg,12
3618.jpg,9
3619.jpg,23
3620.jpg,8
3621.jpg,8
3622.jpg,9
3623.jpg,28
3624.jpg,14
3625.jpg,15
3626.jpg,18
3627.jpg,29
3628.jpg,31
3629.jpg,15
3630.jpg,27
3631.jpg,10
3632.jpg,35
3633.jpg,62
3634.jpg,59
3635.jpg,25
3636.jpg,19
3637.jpg,30
3638.jpg,21
3639.jpg,31
3640.jpg,45
3676.jpg,15
3678.jpg,8
3679.jpg,35
3680.jpg,15
3681.jpg,8
3682.jpg,14
3683.jpg,9
3684.jpg,15
3685.jpg,12
3686.jpg,14
3687.jpg,12
3688.jpg,9
3689.jpg,12
3690.jpg,8
3691.jpg,11
3692.jpg,12
3699.jpg,9
3700.jpg,20
3701.jpg,9
3702.jpg,8
3703.jpg,10
3704.jpg,28
3705.jpg,31
3706.jpg,10
3707.jpg,14
3708.jpg,12
3709.jpg,31
3710.jpg,14
3711.jpg,8
3712.jpg,8
3713.jpg,17
3715.jpg,25
3716.jpg,13
3717.jpg,9
3718.jpg,20
3719.jpg,8
3720.jpg,22
3721.jpg,10
3722.jpg,9
3723.jpg,13
3724.jpg,8
3725.jpg,12
3726.jpg,15
3727.jpg,7
3728.jpg,39
3729.jpg,11
3730.jpg,9
3731.jpg,10
3732.jpg,13
3733.jpg,10
3734.jpg,18
3735.jpg,11
3736.jpg,18
3737.jpg,13
3738.jpg,9
3739.jpg,9
3740.jpg,8
3741.jpg,10
3742.jpg,14
3743.jpg,13
3744.jpg,13
3745.jpg,21
3746.jpg,413
3747.jpg,159
3748.jpg,195
3750.jpg,32
3751.jpg,66
3752.jpg,375
3753.jpg,138
3754.jpg,131
3755.jpg,23
3756.jpg,50
3786.jpg,79
3787.jpg,74
3788.jpg,31
3789.jpg,8
3790.jpg,28
3791.jpg,37
3792.jpg,20
3793.jpg,11
3794.jpg,104
3795.jpg,53
3796.jpg,138
3797.jpg,28
3798.jpg,54
3799.jpg,49
3800.jpg,15
3801.jpg,10
3802.jpg,12
3803.jpg,8
3805.jpg,12
3806.jpg,23
3807.jpg,12
3808.jpg,64
3809.jpg,20
3810.jpg,12
3811.jpg,45
3812.jpg,10
3813.jpg,23
3814.jpg,9
3815.jpg,12
3816.jpg,24
3817.jpg,15
3818.jpg,11
3819.jpg,36
3820.jpg,54
3822.jpg,24
3823.jpg,25
3824.jpg,12
3825.jpg,12
3826.jpg,12
3827.jpg,51
3828.jpg,16
3829.jpg,77
3831.jpg,26
3832.jpg,17
3833.jpg,20
3834.jpg,8
3835.jpg,9
3837.jpg,50
3838.jpg,23
3839.jpg,11
3841.jpg,13
3842.jpg,64
3843.jpg,17
3844.jpg,22
3845.jpg,24
3846.jpg,12
3847.jpg,9
3848.jpg,13
3849.jpg,9
3850.jpg,16
3851.jpg,12
3852.jpg,15
3853.jpg,15
3854.jpg,40
3855.jpg,10
3856.jpg,9
3857.jpg,13
3858.jpg,11
3859.jpg,28
3860.jpg,14
3861.jpg,17
3862.jpg,18
3864.jpg,17
3865.jpg,16
3866.jpg,27
3867.jpg,11
3868.jpg,10
3869.jpg,24
3874.jpg,28
3875.jpg,32
3876.jpg,20
3877.jpg,13
3878.jpg,7
3879.jpg,10
3880.jpg,48
3881.jpg,23
3882.jpg,9
3883.jpg,66
3884.jpg,93
3885.jpg,147
3886.jpg,30
3888.jpg,23
3889.jpg,36
3890.jpg,33
3891.jpg,58
3893.jpg,10
3894.jpg,15
3895.jpg,9
3896.jpg,55
3897.jpg,28
3898.jpg,40
3899.jpg,100
3900.jpg,42
3901.jpg,49
3902.jpg,16
3903.jpg,37
3904.jpg,32
3905.jpg,72
3906.jpg,24
3907.jpg,78
3909.jpg,14
3910.jpg,34
3911.jpg,31
3912.jpg,21
3913.jpg,27
3914.jpg,40
3915.jpg,27
3916.jpg,29
3917.jpg,58
3918.jpg,27
3919.jpg,57
3920.jpg,175
3921.jpg,75
3922.jpg,40
3923.jpg,22
3924.jpg,79
3925.jpg,33
3927.jpg,53
3928.jpg,32
3929.jpg,32
3930.jpg,24
3931.jpg,34
3932.jpg,21
3933.jpg,159
3934.jpg,40
3935.jpg,46
3936.jpg,29
3937.jpg,28
3938.jpg,17
3939.jpg,12
3940.jpg,36
3941.jpg,28
3942.jpg,21
3943.jpg,72
3944.jpg,123
3946.jpg,33
3947.jpg,9
3948.jpg,39
3949.jpg,10
3950.jpg,24
3951.jpg,37
3952.jpg,24
3953.jpg,24
3954.jpg,17
3955.jpg,60
3956.jpg,46
3957.jpg,15
3958.jpg,32
3959.jpg,33
3960.jpg,10
3961.jpg,147
3962.jpg,37
3963.jpg,26
3964.jpg,35
3965.jpg,26
3966.jpg,9
3967.jpg,41
3968.jpg,33
3969.jpg,23
3970.jpg,19
3971.jpg,42
3972.jpg,52
3973.jpg,8
3974.jpg,24
3975.jpg,55
3976.jpg,11
3977.jpg,36
3978.jpg,25
3982.jpg,100
3983.jpg,18
3984.jpg,8
3985.jpg,17
3986.jpg,88
3987.jpg,54
3988.jpg,14
3989.jpg,38
3990.jpg,103
3991.jpg,25
3992.jpg,8
3993.jpg,103
3994.jpg,69
3995.jpg,24
3996.jpg,110
3997.jpg,22
3998.jpg,85
3999.jpg,107
4000.jpg,108
4001.jpg,24
4002.jpg,27
4003.jpg,22
4004.jpg,113
4005.jpg,108
4006.jpg,106
4007.jpg,109
4008.jpg,109
4009.jpg,27
4010.jpg,86
4011.jpg,106
4012.jpg,108
4013.jpg,115
4014.jpg,108
4015.jpg,77
4016.jpg,109
4017.jpg,98
4018.jpg,26
4019.jpg,105
4020.jpg,73
4021.jpg,106
4022.jpg,114
4024.jpg,110
4025.jpg,108
4026.jpg,119
4027.jpg,27
4028.jpg,107
4029.jpg,95
4030.jpg,22
4031.jpg,20
4032.jpg,12
4033.jpg,99
4034.jpg,117
4035.jpg,61
4036.jpg,109
4037.jpg,109
4038.jpg,97
4039.jpg,79
4040.jpg,117
4041.jpg,10
4042.jpg,99
4043.jpg,58
4044.jpg,115
4045.jpg,112
4046.jpg,109
4047.jpg,80
4048.jpg,117
4049.jpg,26
4051.jpg,111
4052.jpg,22
4053.jpg,115
4054.jpg,102
4055.jpg,107
4056.jpg,12
4057.jpg,10
4058.jpg,60
4060.jpg,23
4090.jpg,107
4099.jpg,26
4100.jpg,50
4124.jpg,144
4125.jpg,69
4126.jpg,24
4127.jpg,36
4128.jpg,953
4129.jpg,75
4130.jpg,365
4132.jpg,36
4133.jpg,150
4134.jpg,36
4135.jpg,121
4136.jpg,36
4140.jpg,8
4142.jpg,25
4144.jpg,17
4145.jpg,9
4146.jpg,86
4147.jpg,24
4148.jpg,19
4149.jpg,16
4151.jpg,16
4152.jpg,10
4153.jpg,16
4154.jpg,36
4156.jpg,32
4157.jpg,12
4158.jpg,12
4159.jpg,14
4160.jpg,229
4161.jpg,17
4162.jpg,18
4177.jpg,22
4178.jpg,9
4179.jpg,20
4180.jpg,30
4181.jpg,27
4182.jpg,8
4183.jpg,12
4184.jpg,19
4185.jpg,48
4186.jpg,42
4187.jpg,69
4188.jpg,52
4189.jpg,31
4190.jpg,9
4191.jpg,31
4192.jpg,18
4193.jpg,11
4194.jpg,40
4196.jpg,24
4197.jpg,12
4199.jpg,16
4200.jpg,34
4201.jpg,12
4202.jpg,9
4203.jpg,12
4204.jpg,10
4205.jpg,12
4206.jpg,24
4207.jpg,14
4208.jpg,12
4209.jpg,8
4210.jpg,23
4212.jpg,24
4213.jpg,9
4214.jpg,16
4215.jpg,18
4216.jpg,20
4217.jpg,13
4218.jpg,18
4219.jpg,18
4220.jpg,11
4221.jpg,10
4222.jpg,8
4223.jpg,18
4224.jpg,15
4225.jpg,11
4226.jpg,9
4227.jpg,10
4228.jpg,33
4229.jpg,9
4230.jpg,8
4231.jpg,20
4232.jpg,12
4233.jpg,12
4234.jpg,12
4235.jpg,24
4236.jpg,24
4237.jpg,24
4238.jpg,12
4239.jpg,12
4240.jpg,12
4241.jpg,12
4243.jpg,12
4244.jpg,12
4245.jpg,24
4246.jpg,12
4247.jpg,12
4248.jpg,12
4249.jpg,12
4250.jpg,24
4251.jpg,12
4252.jpg,12
4253.jpg,12
4254.jpg,11
4255.jpg,12
4256.jpg,12
4258.jpg,12
4259.jpg,24
4260.jpg,12
4261.jpg,24
4262.jpg,24
4263.jpg,117
4264.jpg,12
4265.jpg,24
4266.jpg,12
4267.jpg,12
4268.jpg,8
4269.jpg,12
4270.jpg,70
4271.jpg,24
4272.jpg,12
4273.jpg,12
4274.jpg,12
4275.jpg,12
4276.jpg,9
4277.jpg,12
4278.jpg,9
4280.jpg,12
4281.jpg,12
4282.jpg,12
4306.jpg,10
4307.jpg,49
4308.jpg,12
4309.jpg,20
4310.jpg,23
4311.jpg,22
4312.jpg,12
4313.jpg,51
4314.jpg,115
4316.jpg,43
4317.jpg,88
4318.jpg,12
4319.jpg,9
4320.jpg,11
4321.jpg,66
4322.jpg,37
4323.jpg,29
4324.jpg,11
4325.jpg,9
4326.jpg,21
4327.jpg,25
4328.jpg,38
4329.jpg,8
4330.jpg,26
4331.jpg,9
4332.jpg,24
4333.jpg,10
4334.jpg,9
4335.jpg,12
4336.jpg,8
4337.jpg,17
4338.jpg,18
4339.jpg,10
4340.jpg,9
4341.jpg,623
4342.jpg,29
4343.jpg,10
4344.jpg,27
4345.jpg,14
4346.jpg,9
4347.jpg,229
4348.jpg,12
4349.jpg,14
4350.jpg,8
4353.jpg,10
4354.jpg,83
4355.jpg,9
4356.jpg,48
4357.jpg,17
4358.jpg,24
4359.jpg,101
4360.jpg,16
4361.jpg,21
4362.jpg,8
4363.jpg,16
4364.jpg,35
4365.jpg,9
4366.jpg,104
4367.jpg,13
4368.jpg,30
4369.jpg,55
4370.jpg,46
4371.jpg,37
4372.jpg,18
4373.jpg,14
4374.jpg,10
4375.jpg,8
4376.jpg,20
4377.jpg,21
4378.jpg,26
4379.jpg,9
4380.jpg,17
4381.jpg,16
4382.jpg,15
4383.jpg,28
4384.jpg,55
4385.jpg,12
4386.jpg,20
4387.jpg,26
4388.jpg,22
4389.jpg,18
4390.jpg,134
4391.jpg,32
4392.jpg,10
4393.jpg,13
4394.jpg,252
4395.jpg,25
4396.jpg,8
4397.jpg,9
4398.jpg,13
4399.jpg,26
4400.jpg,18
4401.jpg,20
4402.jpg,32
4403.jpg,11
4424.jpg,10
4425.jpg,32
4426.jpg,14
4427.jpg,16
4428.jpg,22
4429.jpg,33
4430.jpg,10
4431.jpg,12
4432.jpg,47
4433.jpg,13
4434.jpg,10
4435.jpg,11
4436.jpg,27
4437.jpg,13
4438.jpg,76
4439.jpg,40
4441.jpg,224
4442.jpg,24
4443.jpg,16
4444.jpg,10
4445.jpg,16
4446.jpg,10
4447.jpg,11
4448.jpg,21
4449.jpg,14
4450.jpg,62
4451.jpg,8
4452.jpg,49
4453.jpg,8
4455.jpg,332
4456.jpg,25
4457.jpg,12
4458.jpg,38
4459.jpg,190
4460.jpg,20
4462.jpg,63
4463.jpg,36
4465.jpg,11
4466.jpg,12
4467.jpg,58
4468.jpg,27
4469.jpg,233
4472.jpg,89
4473.jpg,10
4474.jpg,77
4475.jpg,13
4476.jpg,450
4477.jpg,48
4479.jpg,40
4480.jpg,34
4481.jpg,8
4482.jpg,24
4483.jpg,12
4484.jpg,16
4485.jpg,16
4486.jpg,10
4487.jpg,62
4488.jpg,29
4489.jpg,51
4490.jpg,167
4491.jpg,9
4503.jpg,11
4504.jpg,89
4505.jpg,9
4507.jpg,30
4508.jpg,15
4509.jpg,48
4511.jpg,19
4512.jpg,8
4513.jpg,13
4514.jpg,14
4516.jpg,25
4517.jpg,44
4518.jpg,30
4519.jpg,16
4520.jpg,89
4521.jpg,20
4522.jpg,88
4523.jpg,115
4524.jpg,46
4525.jpg,15
4526.jpg,53
4527.jpg,8
4612.jpg,19
4613.jpg,26
4614.jpg,37
4615.jpg,10
4616.jpg,51
4617.jpg,17
4618.jpg,27
4619.jpg,12
4620.jpg,33
4621.jpg,8
4622.jpg,23
4623.jpg,9
4624.jpg,10
4625.jpg,15
4627.jpg,76
4628.jpg,21
4629.jpg,15
4630.jpg,21
4631.jpg,31
4632.jpg,9
4633.jpg,14
4634.jpg,18
4635.jpg,9
4636.jpg,25
4638.jpg,14
4639.jpg,9
4640.jpg,10
4641.jpg,8
4642.jpg,8
4643.jpg,24
4644.jpg,30
4645.jpg,15
4646.jpg,18
4647.jpg,10
4648.jpg,27
4649.jpg,46
4650.jpg,9
4651.jpg,10
4652.jpg,11
4653.jpg,37
4654.jpg,13
4655.jpg,10
4656.jpg,45
4657.jpg,35
4658.jpg,21
4659.jpg,16
4660.jpg,9
4661.jpg,9
4662.jpg,11
4663.jpg,24
4664.jpg,11
4665.jpg,11
4666.jpg,17
4667.jpg,16
4668.jpg,9
4669.jpg,11
4670.jpg,15
4671.jpg,11
4672.jpg,30
4673.jpg,13
4674.jpg,23
4675.jpg,17
4676.jpg,11
4677.jpg,13
4678.jpg,19
4679.jpg,12
4680.jpg,18
4681.jpg,11
4682.jpg,11
4683.jpg,8
4685.jpg,13
4686.jpg,12
4688.jpg,11
4689.jpg,71
4690.jpg,12
4691.jpg,17
4692.jpg,14
4693.jpg,10
4695.jpg,39
4696.jpg,9
4697.jpg,14
4698.jpg,28
4699.jpg,10
4700.jpg,30
4701.jpg,24
4702.jpg,19
4767.jpg,62
4768.jpg,99
4769.jpg,51
4770.jpg,40
4771.jpg,8
4772.jpg,16
4773.jpg,15
4774.jpg,326
4775.jpg,60
4776.jpg,30
4777.jpg,12
4778.jpg,18
4779.jpg,92
4780.jpg,9
4781.jpg,17
4782.jpg,22
4783.jpg,12
4784.jpg,9
4785.jpg,16
4786.jpg,8
4787.jpg,57
4788.jpg,22
4789.jpg,11
4790.jpg,10
4791.jpg,15
4792.jpg,112
4793.jpg,44
4856.jpg,15
4857.jpg,42
4859.jpg,35
4860.jpg,9
4861.jpg,26
4862.jpg,84
4863.jpg,9
4864.jpg,10
4865.jpg,11
4866.jpg,14
4867.jpg,17
4868.jpg,23
4870.jpg,13
4871.jpg,21
4872.jpg,24
4873.jpg,125
4971.jpg,26
4972.jpg,52
4973.jpg,8
4975.jpg,11
4976.jpg,79
4978.jpg,27
4979.jpg,29
4980.jpg,10
4981.jpg,14
4982.jpg,35
4983.jpg,8
4984.jpg,8
4985.jpg,9
4986.jpg,10
4987.jpg,19
4988.jpg,25
4989.jpg,12
4990.jpg,28
4991.jpg,12
4992.jpg,21
4993.jpg,40
4994.jpg,11
4995.jpg,11
4996.jpg,154
4997.jpg,205
4998.jpg,34
4999.jpg,382
5000.jpg,54
5003.jpg,12
5004.jpg,16
5005.jpg,17
5006.jpg,112
5007.jpg,194
5008.jpg,121
5009.jpg,20
5010.jpg,12
5011.jpg,18
5012.jpg,115
5013.jpg,11
5014.jpg,81
5015.jpg,11
5016.jpg,16
5017.jpg,11
5018.jpg,47
5019.jpg,110
5020.jpg,292
5021.jpg,10
5022.jpg,14
5023.jpg,12
5024.jpg,15
5025.jpg,17
5026.jpg,36
5027.jpg,20
5028.jpg,8
5029.jpg,16
5030.jpg,8
5031.jpg,9
5032.jpg,12
5033.jpg,15
5034.jpg,8
5035.jpg,10
5036.jpg,24
5037.jpg,16
5038.jpg,12
5039.jpg,34
5040.jpg,8
5041.jpg,9
5042.jpg,12
5049.jpg,16
5050.jpg,75
5051.jpg,15
5052.jpg,78
5053.jpg,139
5054.jpg,48
5055.jpg,56
5056.jpg,38
5057.jpg,59
5058.jpg,9
5119.jpg,30
5120.jpg,92
5121.jpg,9
5122.jpg,11
5123.jpg,14
5124.jpg,12
5125.jpg,10
5126.jpg,18
5128.jpg,15
5129.jpg,31
5130.jpg,15
5131.jpg,15
5132.jpg,38
5133.jpg,27
5134.jpg,32
5135.jpg,15
5136.jpg,15
5137.jpg,22
5138.jpg,16
5139.jpg,17
5158.jpg,13
5159.jpg,8
5160.jpg,13
5161.jpg,9
5162.jpg,9
5163.jpg,12
5164.jpg,10
5165.jpg,12
5166.jpg,10
5167.jpg,9
5168.jpg,13
5169.jpg,14
5171.jpg,13
5172.jpg,9
5173.jpg,11
5174.jpg,9
5175.jpg,10
5176.jpg,30
5177.jpg,85
5179.jpg,54
5180.jpg,39
5181.jpg,60
5182.jpg,41
5183.jpg,58
5184.jpg,180
5185.jpg,127
5186.jpg,76
5187.jpg,27
5188.jpg,16
5189.jpg,24
5191.jpg,17
5192.jpg,13
5193.jpg,18
5194.jpg,25
5195.jpg,138
5196.jpg,42
5197.jpg,25
5198.jpg,38
5199.jpg,10
5230.jpg,28
5231.jpg,43
5232.jpg,46
5233.jpg,11
5234.jpg,9
5235.jpg,15
5237.jpg,13
5238.jpg,8
5239.jpg,16
5240.jpg,16
5241.jpg,35
5243.jpg,11
5244.jpg,12
5245.jpg,12
5246.jpg,10
5247.jpg,12
5248.jpg,12
5249.jpg,12
5250.jpg,12
5251.jpg,8
5252.jpg,15
5253.jpg,12
5254.jpg,20
5255.jpg,8
5257.jpg,24
5258.jpg,123
5259.jpg,48
5260.jpg,20
5261.jpg,31
5262.jpg,11
5263.jpg,13
5264.jpg,10
5265.jpg,13
5266.jpg,15
5267.jpg,10
5268.jpg,18
5269.jpg,9
5270.jpg,16
5271.jpg,22
5272.jpg,49
5273.jpg,45
5274.jpg,19
5276.jpg,86
5277.jpg,40
5278.jpg,27
5279.jpg,107
5280.jpg,26
5281.jpg,54
5282.jpg,29
5283.jpg,20
5284.jpg,72
5285.jpg,76
5286.jpg,38
5287.jpg,12
5288.jpg,113
5289.jpg,428
5290.jpg,18
5291.jpg,11
5292.jpg,10
5293.jpg,8
5294.jpg,8
5296.jpg,35
5297.jpg,32
5298.jpg,12
5299.jpg,24
5300.jpg,10
5301.jpg,8
5302.jpg,8
5303.jpg,9
5304.jpg,11
5305.jpg,12
5306.jpg,61
5307.jpg,35
5308.jpg,12
5309.jpg,44
5310.jpg,16
5311.jpg,20
5312.jpg,25
5313.jpg,32
5314.jpg,9
5315.jpg,31
5316.jpg,80
5317.jpg,24
5318.jpg,9
5319.jpg,9
5320.jpg,33
5321.jpg,20
5322.jpg,157
5323.jpg,47
5324.jpg,46
5325.jpg,106
5326.jpg,48
5327.jpg,105
5328.jpg,110
5329.jpg,15
5330.jpg,109
5331.jpg,108
5332.jpg,27
5333.jpg,108
5334.jpg,22
5335.jpg,109
5336.jpg,79
5338.jpg,68
5339.jpg,24
5340.jpg,21
5341.jpg,17
5342.jpg,103
5343.jpg,119
5344.jpg,109
5346.jpg,41
5347.jpg,27
5348.jpg,46
5349.jpg,109
5351.jpg,26
5352.jpg,67
5353.jpg,122
5354.jpg,22
5355.jpg,24
5393.jpg,36
5394.jpg,18
5395.jpg,23
5396.jpg,11
5397.jpg,13
5398.jpg,24
5399.jpg,12
5400.jpg,12
5401.jpg,26
5402.jpg,18
5403.jpg,10
5404.jpg,10
5405.jpg,24
5406.jpg,10
5407.jpg,14
5409.jpg,9
5410.jpg,24
5411.jpg,11
5412.jpg,11
5413.jpg,14
5415.jpg,10
5416.jpg,8
5417.jpg,41
5418.jpg,7
5419.jpg,12
5420.jpg,12
5421.jpg,18
5422.jpg,10
5423.jpg,12
5424.jpg,16
5425.jpg,12
5426.jpg,9
5427.jpg,15
5428.jpg,8
5430.jpg,28
5431.jpg,20
5433.jpg,9
5434.jpg,18
5435.jpg,39
5436.jpg,12
5437.jpg,24
5438.jpg,45
5439.jpg,12
5440.jpg,15
5441.jpg,17
5442.jpg,12
5443.jpg,12
5445.jpg,12
5446.jpg,12
5447.jpg,12
5448.jpg,12
5449.jpg,12
5450.jpg,22
5451.jpg,25
5452.jpg,12
5453.jpg,11
5454.jpg,12
5455.jpg,9
5456.jpg,12
5457.jpg,12
5465.jpg,17
5466.jpg,14
5467.jpg,11
5469.jpg,36
5470.jpg,13
5471.jpg,22
5472.jpg,43
5473.jpg,143
5474.jpg,20
5475.jpg,11
5476.jpg,100
5477.jpg,14
5478.jpg,14
5479.jpg,16
5480.jpg,14
5481.jpg,22
5482.jpg,110
5483.jpg,12
5484.jpg,147
5485.jpg,12
5486.jpg,10
5487.jpg,74
5488.jpg,10
5489.jpg,99
5490.jpg,102
5491.jpg,26
5492.jpg,23
5493.jpg,48
5494.jpg,38
5495.jpg,23
5496.jpg,43
5497.jpg,39
5499.jpg,159
5500.jpg,72
5501.jpg,20
5502.jpg,43
5516.jpg,10
5517.jpg,29
5518.jpg,29
5519.jpg,18
5520.jpg,18
5521.jpg,13
5522.jpg,26
5523.jpg,27
5524.jpg,88
5525.jpg,21
5526.jpg,25
5527.jpg,16
5528.jpg,31
5529.jpg,40
5530.jpg,13
5531.jpg,16
5533.jpg,76
5534.jpg,65
5535.jpg,10
5536.jpg,30
5537.jpg,78
5538.jpg,119
5539.jpg,37
5540.jpg,34
5541.jpg,19
5542.jpg,56
5543.jpg,15
5544.jpg,143
5545.jpg,114
5546.jpg,79
5547.jpg,52
5548.jpg,28
5549.jpg,52
5550.jpg,79
5551.jpg,127
5552.jpg,21
5553.jpg,15
5554.jpg,95
5555.jpg,118
5556.jpg,106
5557.jpg,57
5558.jpg,27
5559.jpg,45
5560.jpg,189
5561.jpg,249
5603.jpg,20
5604.jpg,14
5605.jpg,54
5606.jpg,12
5607.jpg,16
5608.jpg,10
5609.jpg,11
5610.jpg,24
5611.jpg,14
5612.jpg,29
5613.jpg,26
5614.jpg,41
5615.jpg,11
5616.jpg,13
5618.jpg,9
5619.jpg,9
5620.jpg,26
5621.jpg,10
5622.jpg,13
5624.jpg,10
5625.jpg,8
5626.jpg,8
5627.jpg,14
5628.jpg,13
5629.jpg,43
5631.jpg,99
5632.jpg,59
5633.jpg,110
5634.jpg,35
5635.jpg,107
5636.jpg,26
5637.jpg,103
5638.jpg,85
5639.jpg,43
5640.jpg,60
5641.jpg,67
5642.jpg,60
5643.jpg,26
5644.jpg,136
5645.jpg,22
5646.jpg,13
5647.jpg,14
5648.jpg,61
5649.jpg,24
5650.jpg,15
5651.jpg,15
5652.jpg,37
5674.jpg,208
5675.jpg,91
5676.jpg,72
5677.jpg,35
5678.jpg,56
5679.jpg,47
5680.jpg,11
5681.jpg,112
5682.jpg,77
5683.jpg,19
5684.jpg,34
5685.jpg,8
5686.jpg,8
5687.jpg,41
5688.jpg,19
5689.jpg,26
5690.jpg,80
5691.jpg,13
5692.jpg,8
5693.jpg,40
5695.jpg,40
5696.jpg,35
5697.jpg,44
5698.jpg,21
5699.jpg,69
5700.jpg,12
5701.jpg,59
5702.jpg,87
5703.jpg,20
5704.jpg,18
5705.jpg,10
5706.jpg,8
5709.jpg,15
5710.jpg,8
5711.jpg,20
5712.jpg,12
5713.jpg,12
5714.jpg,9
5715.jpg,13
5716.jpg,8
5717.jpg,15
5718.jpg,10
5719.jpg,12
5720.jpg,8
5721.jpg,16
5722.jpg,12
5723.jpg,9
5724.jpg,8
5725.jpg,24
5726.jpg,12
5727.jpg,8
5728.jpg,10
5729.jpg,12
5731.jpg,18
5732.jpg,12
5733.jpg,9
5734.jpg,12
5749.jpg,105
5750.jpg,109
5751.jpg,89
5752.jpg,12
5753.jpg,95
5754.jpg,108
5755.jpg,27
5756.jpg,30
5758.jpg,82
5759.jpg,107
5760.jpg,108
5761.jpg,107
5762.jpg,115
5763.jpg,118
5764.jpg,117
5765.jpg,27
5766.jpg,80
5767.jpg,116
5769.jpg,166
5770.jpg,73
5771.jpg,109
5772.jpg,67
5774.jpg,143
5775.jpg,107
5776.jpg,27
5777.jpg,12
5778.jpg,12
5779.jpg,12
5780.jpg,24
5781.jpg,12
5782.jpg,48
5783.jpg,12
5784.jpg,24
5785.jpg,11
5786.jpg,12
5787.jpg,24
5788.jpg,37
5789.jpg,12
5790.jpg,12
5945.jpg,31
5946.jpg,39
5953.jpg,21
5954.jpg,19
5955.jpg,12
5956.jpg,18
5957.jpg,33
5958.jpg,65
5959.jpg,10
5960.jpg,49
5961.jpg,13
5962.jpg,11
5963.jpg,8
5964.jpg,12
5965.jpg,92
5966.jpg,9
5967.jpg,8
5968.jpg,15
5969.jpg,12
5970.jpg,12
5971.jpg,30
5972.jpg,20
5973.jpg,12
5974.jpg,12
5975.jpg,10
5976.jpg,16
5977.jpg,12
5978.jpg,35
5979.jpg,13
5980.jpg,12
5981.jpg,12
5982.jpg,18
5983.jpg,16
5984.jpg,14
5985.jpg,16
5986.jpg,12
5987.jpg,8
5988.jpg,11
5989.jpg,107
5990.jpg,9
5991.jpg,10
5992.jpg,77
5993.jpg,9
5994.jpg,123
5995.jpg,8
5996.jpg,29
5997.jpg,20
5998.jpg,8
5999.jpg,15
6000.jpg,42
6001.jpg,24
6002.jpg,12
6003.jpg,12
6004.jpg,12
6005.jpg,35
6006.jpg,29
6007.jpg,16
6008.jpg,9
6009.jpg,33
6010.jpg,29
6011.jpg,12
6012.jpg,12
6013.jpg,10
6014.jpg,12
6015.jpg,12
6016.jpg,8
6017.jpg,17
6019.jpg,18
6020.jpg,12
6021.jpg,12
6022.jpg,12
6023.jpg,12
6024.jpg,12
6025.jpg,12
6026.jpg,24
6027.jpg,19
6028.jpg,18
6029.jpg,14
6030.jpg,13
6031.jpg,12
6032.jpg,24
6033.jpg,45
6034.jpg,16
6035.jpg,13
6036.jpg,13
6037.jpg,9
6038.jpg,35
6039.jpg,30
6040.jpg,10
6041.jpg,14
6123.jpg,8
6124.jpg,73
6125.jpg,56
6126.jpg,31
6127.jpg,177
6128.jpg,15
6129.jpg,199
6130.jpg,233
6131.jpg,155
6132.jpg,12
6133.jpg,12
6134.jpg,165
6135.jpg,15
6136.jpg,168
6137.jpg,14
6138.jpg,122
6139.jpg,63
6140.jpg,12
6141.jpg,30
6142.jpg,74
6143.jpg,15
6144.jpg,11
6145.jpg,89
6146.jpg,27
6147.jpg,89
6148.jpg,12
6149.jpg,22
6150.jpg,58
6151.jpg,17
6152.jpg,91
6153.jpg,28
6154.jpg,75
6155.jpg,51
6156.jpg,22
6157.jpg,43
6158.jpg,30
6159.jpg,33
6160.jpg,51
6161.jpg,149
6162.jpg,81
6163.jpg,31
6164.jpg,101
6165.jpg,36
6166.jpg,132
6167.jpg,17
6168.jpg,27
6169.jpg,46
6170.jpg,42
6171.jpg,47
6172.jpg,52
6173.jpg,21
6174.jpg,43
6175.jpg,62
6176.jpg,20
6177.jpg,14
6178.jpg,50
6179.jpg,40
6180.jpg,28
6181.jpg,152
6182.jpg,23
6183.jpg,83
6184.jpg,57
6185.jpg,10
6186.jpg,41
6187.jpg,151
6188.jpg,33
6189.jpg,9
6190.jpg,49
6191.jpg,18
6192.jpg,81
6193.jpg,10
6194.jpg,16
6195.jpg,38
6196.jpg,28
6197.jpg,10
6198.jpg,16
6199.jpg,153
6200.jpg,52
6201.jpg,33
6202.jpg,119
6203.jpg,38
6204.jpg,14
6205.jpg,50
6206.jpg,74
6207.jpg,68
6208.jpg,97
6209.jpg,283
6210.jpg,11
6211.jpg,16
6212.jpg,10
6213.jpg,8
6214.jpg,44
6216.jpg,40
6217.jpg,33
6218.jpg,80
6219.jpg,58
6220.jpg,60
6221.jpg,54
6222.jpg,9
6223.jpg,98
6224.jpg,35
6225.jpg,72
6226.jpg,16
6227.jpg,63
6228.jpg,53
6229.jpg,69
6230.jpg,68
6231.jpg,25
6232.jpg,93
6233.jpg,27
6234.jpg,32
6235.jpg,72
6236.jpg,39
6237.jpg,186
6238.jpg,35
6239.jpg,25
6308.jpg,23
6309.jpg,11
6310.jpg,13
6311.jpg,27
6313.jpg,25
6314.jpg,24
6315.jpg,252
6316.jpg,50
6317.jpg,58
6318.jpg,16
6319.jpg,53
6320.jpg,31
6321.jpg,35
6322.jpg,159
6323.jpg,125
6324.jpg,109
6325.jpg,106
6326.jpg,86
6327.jpg,20
6328.jpg,815
6329.jpg,25
6330.jpg,16
6331.jpg,40
6332.jpg,183
6333.jpg,420
6334.jpg,30
6335.jpg,21
6336.jpg,17
6337.jpg,8
6338.jpg,8
6339.jpg,36
6340.jpg,9
6341.jpg,8
6342.jpg,24
6343.jpg,18
6344.jpg,29
6345.jpg,14
6346.jpg,20
6347.jpg,38
6348.jpg,32
6349.jpg,36
6350.jpg,22
6351.jpg,27
6352.jpg,18
6353.jpg,11
6354.jpg,14
6355.jpg,18
6356.jpg,85
6357.jpg,168
6358.jpg,30
6359.jpg,239
6360.jpg,8
6361.jpg,12
6362.jpg,8
6363.jpg,52
6364.jpg,36
6365.jpg,12
6366.jpg,84
6367.jpg,16
6368.jpg,51
6369.jpg,16
6370.jpg,10
6371.jpg,39
6372.jpg,10
6373.jpg,52
6374.jpg,13
6375.jpg,39
6376.jpg,17
6377.jpg,118
6378.jpg,83
6379.jpg,116
6380.jpg,34
6381.jpg,35
6382.jpg,67
6383.jpg,41
6384.jpg,34
6385.jpg,36
6386.jpg,41
6387.jpg,13
6388.jpg,145
6389.jpg,104
6390.jpg,21
6391.jpg,13
6392.jpg,44
6393.jpg,18
6394.jpg,100
6395.jpg,39
6396.jpg,106
6397.jpg,131
6398.jpg,28
6399.jpg,114
6400.jpg,147
6401.jpg,33
6402.jpg,44
6403.jpg,13
6404.jpg,79
6405.jpg,38
6406.jpg,61
6407.jpg,13
6408.jpg,104
6409.jpg,104
6410.jpg,112
6411.jpg,100
6412.jpg,101
6413.jpg,34
6414.jpg,35
6415.jpg,104
6416.jpg,48
6417.jpg,81
6418.jpg,111
6419.jpg,104
6420.jpg,13
6421.jpg,102
6422.jpg,13
6423.jpg,91
6424.jpg,28
6425.jpg,13
6426.jpg,37
6427.jpg,15
6428.jpg,89
6429.jpg,68
6430.jpg,205
6431.jpg,24
6432.jpg,72
6433.jpg,38
6434.jpg,44
6435.jpg,19
6436.jpg,108
6437.jpg,28
6438.jpg,13
6439.jpg,28
6440.jpg,96
6441.jpg,104
6442.jpg,108
6443.jpg,105
6444.jpg,32
6445.jpg,13
6446.jpg,59
6447.jpg,108
6448.jpg,19
6449.jpg,107
6450.jpg,106
6451.jpg,34
6452.jpg,66
6453.jpg,15
6454.jpg,25
6455.jpg,39
6456.jpg,13
6457.jpg,110
6458.jpg,74
6459.jpg,89
6460.jpg,102
6461.jpg,31
6462.jpg,39
6463.jpg,53
6464.jpg,55
6465.jpg,39
6466.jpg,107
6467.jpg,109
6468.jpg,107
6469.jpg,13
6470.jpg,93
6471.jpg,94
6472.jpg,109
6473.jpg,59
6474.jpg,21
6475.jpg,84
6476.jpg,156
6477.jpg,29
6478.jpg,93
6479.jpg,30
6480.jpg,34
6481.jpg,78
6482.jpg,108
6483.jpg,91
6484.jpg,13
6485.jpg,88
6486.jpg,34
6487.jpg,102
6488.jpg,95
6489.jpg,105
6490.jpg,101
6491.jpg,112
6492.jpg,114
6493.jpg,77
6494.jpg,101
6495.jpg,13
6496.jpg,29
6497.jpg,32
6498.jpg,59
6499.jpg,14
6500.jpg,34
6501.jpg,24
6502.jpg,59
6503.jpg,37
6504.jpg,13
6505.jpg,109
6506.jpg,37
6507.jpg,14
6508.jpg,36
6509.jpg,67
6510.jpg,37
6511.jpg,33
6513.jpg,93
6514.jpg,31
6515.jpg,113
6516.jpg,92
6517.jpg,20
6518.jpg,103
6519.jpg,38
6520.jpg,40
6521.jpg,106
6522.jpg,115
6523.jpg,33
6524.jpg,299
6525.jpg,33
6526.jpg,101
6527.jpg,101
6528.jpg,60
6529.jpg,28
6530.jpg,40
6531.jpg,40
6532.jpg,22
6533.jpg,59
6534.jpg,34
6535.jpg,33
6536.jpg,100
6537.jpg,81
6538.jpg,102
6539.jpg,82
6540.jpg,103
6541.jpg,37
6542.jpg,21
6543.jpg,106
6544.jpg,38
6545.jpg,33
6546.jpg,111
6551.jpg,15
6552.jpg,16
6553.jpg,40
6554.jpg,32
6555.jpg,134
6556.jpg,85
6557.jpg,55
6558.jpg,69
6559.jpg,66
6560.jpg,29
6561.jpg,56
6562.jpg,14
6563.jpg,21
6564.jpg,12
6565.jpg,14
6566.jpg,32
6567.jpg,21
6568.jpg,13
6569.jpg,124
6570.jpg,186
6571.jpg,125
6572.jpg,49
6573.jpg,110
6574.jpg,109
6575.jpg,222
6576.jpg,146
6577.jpg,134
6578.jpg,135
6579.jpg,15
6580.jpg,40
6581.jpg,136
6582.jpg,9
6583.jpg,15
6584.jpg,114
6585.jpg,77
6586.jpg,47
6587.jpg,35
6588.jpg,30
6589.jpg,22
6590.jpg,250
6591.jpg,120
6592.jpg,12
6593.jpg,24
6594.jpg,24
6595.jpg,12
6596.jpg,11
6597.jpg,61
6598.jpg,12
6599.jpg,12
6600.jpg,12
6601.jpg,61
6602.jpg,38
6603.jpg,24
6604.jpg,13
6605.jpg,49
6606.jpg,20
6607.jpg,24
6608.jpg,13
6609.jpg,12
6610.jpg,24
6611.jpg,20
6612.jpg,12
6613.jpg,15
6614.jpg,40
6615.jpg,17
6616.jpg,8
6617.jpg,12
6618.jpg,15
6619.jpg,10
6620.jpg,8
6621.jpg,12
6622.jpg,8
6623.jpg,13
6624.jpg,12
6625.jpg,59
6626.jpg,13
6627.jpg,64
6628.jpg,10
6629.jpg,12
6630.jpg,10
6631.jpg,14
6632.jpg,15
6633.jpg,8
6634.jpg,9
6635.jpg,10
6636.jpg,8
6637.jpg,20
6638.jpg,28
6639.jpg,53
6640.jpg,12
6641.jpg,12
6642.jpg,174
6662.jpg,9
6663.jpg,15
6664.jpg,9
6665.jpg,32
6666.jpg,15
6667.jpg,13
6668.jpg,17
6669.jpg,15
6670.jpg,25
6671.jpg,18
6672.jpg,27
6673.jpg,54
6674.jpg,11
6675.jpg,15
6676.jpg,62
6677.jpg,10
6678.jpg,68
6679.jpg,8
6680.jpg,11
6681.jpg,9
6682.jpg,48
6683.jpg,10
6684.jpg,8
6685.jpg,17
6686.jpg,10
6687.jpg,11
6688.jpg,14
6689.jpg,20
6690.jpg,19
6691.jpg,23
6692.jpg,8
6693.jpg,37
6694.jpg,10
6695.jpg,10
6696.jpg,43
6697.jpg,29
6698.jpg,26
6699.jpg,19
6700.jpg,16
6701.jpg,11
6702.jpg,23
6703.jpg,21
6704.jpg,17
6705.jpg,12
6706.jpg,11
6707.jpg,8
6708.jpg,40
6709.jpg,9
6942.jpg,48
7612.jpg,31
6816.jpg,132
6966.jpg,35
7026.jpg,96
7629.jpg,437
7690.jpg,34
7275.jpg,44
6883.jpg,70
6913.jpg,45
7497.jpg,34
7177.jpg,42
6786.jpg,52
7363.jpg,52
6740.jpg,27
7546.jpg,28
7353.jpg,27
7337.jpg,21
7194.jpg,25
7699.jpg,29
7696.jpg,43
7599.jpg,22
6781.jpg,23
6917.jpg,29
7395.jpg,24
6949.jpg,18
7246.jpg,25
7641.jpg,34
7591.jpg,21
6982.jpg,27
7032.jpg,23
6850.jpg,25
7562.jpg,58
7654.jpg,93
6812.jpg,73
7294.jpg,150
7409.jpg,54
7634.jpg,54
7025.jpg,42
7597.jpg,147
6967.jpg,116
7322.jpg,76
6968.jpg,109
7279.jpg,53
6951.jpg,47
7054.jpg,72
7038.jpg,125
6730.jpg,77
7705.jpg,144
7653.jpg,173
7495.jpg,126
7505.jpg,132
6880.jpg,106
7685.jpg,60
7092.jpg,102
6792.jpg,42
7468.jpg,189
7350.jpg,149
7489.jpg,171
6761.jpg,75
6719.jpg,50
7669.jpg,61
6867.jpg,61
7238.jpg,32
7559.jpg,34
7196.jpg,123
7296.jpg,22
6903.jpg,46
7437.jpg,131
7320.jpg,34
7053.jpg,23
6766.jpg,85
7548.jpg,403
6834.jpg,270
7352.jpg,352
6870.jpg,270
7230.jpg,216
6818.jpg,128
7454.jpg,197
6999.jpg,198
6972.jpg,134
6844.jpg,429
7059.jpg,99
7285.jpg,312
7407.jpg,152
7147.jpg,210
7356.jpg,136
7478.jpg,50
7048.jpg,288
7272.jpg,143
7005.jpg,290
6731.jpg,36
6945.jpg,379
7168.jpg,66
7603.jpg,1400
6974.jpg,366
7101.jpg,36
6878.jpg,72
7057.jpg,52
6929.jpg,37
7068.jpg,25
7458.jpg,26
6745.jpg,47
7052.jpg,52
6808.jpg,19
7202.jpg,59
7185.jpg,40
7397.jpg,67
7130.jpg,52
6762.jpg,62
7638.jpg,28
7644.jpg,29
7646.jpg,46
7675.jpg,220
7621.jpg,54
6789.jpg,171
7628.jpg,62
7620.jpg,54
7268.jpg,36
6889.jpg,87
7708.jpg,48
6712.jpg,36
6755.jpg,13
7400.jpg,36
7385.jpg,36
7229.jpg,120
7553.jpg,27
7343.jpg,24
6805.jpg,49
7324.jpg,25
6899.jpg,24
7031.jpg,12
7007.jpg,38
7158.jpg,12
7276.jpg,72
7256.jpg,40
7607.jpg,72
7017.jpg,61
7465.jpg,12
6915.jpg,30
7408.jpg,60
7456.jpg,24
7429.jpg,24
7112.jpg,24
7184.jpg,72
6717.jpg,36
7569.jpg,48
6817.jpg,50
7172.jpg,15
6975.jpg,20
6757.jpg,98
7072.jpg,48
6998.jpg,84
7670.jpg,32
6734.jpg,38
7369.jpg,39
7672.jpg,18
7652.jpg,32
7358.jpg,18
7469.jpg,24
7657.jpg,35
7626.jpg,31
6746.jpg,34
6727.jpg,18
7585.jpg,87
7170.jpg,19
7677.jpg,41
7697.jpg,18
7160.jpg,49
7010.jpg,151
6754.jpg,108
6843.jpg,24
7425.jpg,30
7453.jpg,49
7255.jpg,24
6826.jpg,135
7142.jpg,30
6874.jpg,24
7608.jpg,69
7150.jpg,118
7692.jpg,24
7405.jpg,24
7235.jpg,30
7254.jpg,14
7156.jpg,87
7078.jpg,25
7467.jpg,34
7376.jpg,44
7571.jpg,100
6887.jpg,25
6720.jpg,20
7332.jpg,108
7572.jpg,33
6952.jpg,85
7261.jpg,40
7355.jpg,16
7441.jpg,29
7227.jpg,26
6749.jpg,53
7166.jpg,34
7439.jpg,77
7008.jpg,22
7528.jpg,35
7464.jpg,30
7379.jpg,113
7154.jpg,105
7213.jpg,30
7351.jpg,105
7220.jpg,34
7396.jpg,30
7335.jpg,77
7313.jpg,73
6992.jpg,68
7524.jpg,37
7402.jpg,50
7119.jpg,59
7574.jpg,36
7470.jpg,141
7575.jpg,28
6776.jpg,19
7214.jpg,28
7274.jpg,26
6774.jpg,73
6970.jpg,303
7232.jpg,27
6953.jpg,18
7218.jpg,33
7340.jpg,30
6861.jpg,31
7664.jpg,14
7210.jpg,31
7151.jpg,148
7327.jpg,26
7331.jpg,45
7303.jpg,51
7552.jpg,139
6780.jpg,298
7416.jpg,33
6976.jpg,200
7186.jpg,151
7432.jpg,254
6831.jpg,27
7073.jpg,40
7485.jpg,60
7074.jpg,18
7035.jpg,171
6752.jpg,53
7302.jpg,183
7244.jpg,41
7211.jpg,130
7141.jpg,28
7044.jpg,49
7289.jpg,135
6763.jpg,185
7479.jpg,56
7703.jpg,66
7270.jpg,50
7373.jpg,40
7496.jpg,75
6769.jpg,226
7357.jpg,30
6747.jpg,37
7447.jpg,55
7310.jpg,35
7242.jpg,30
7189.jpg,130
7311.jpg,36
6921.jpg,64
6837.jpg,87
7180.jpg,98
6963.jpg,30
6851.jpg,108
7046.jpg,145
6997.jpg,78
7560.jpg,21
7663.jpg,70
7336.jpg,56
7103.jpg,48
6790.jpg,485
6958.jpg,104
6937.jpg,482
7089.jpg,155
7115.jpg,351
7102.jpg,24
6912.jpg,12
6863.jpg,34
6868.jpg,23
7040.jpg,266
6930.jpg,16
6806.jpg,25
7551.jpg,71
6848.jpg,106
7182.jpg,16
7515.jpg,24
7243.jpg,24
7422.jpg,87
7594.jpg,361
6902.jpg,40
7091.jpg,46
7680.jpg,179
7698.jpg,35
6726.jpg,48
7234.jpg,96
7624.jpg,53
6961.jpg,178
7267.jpg,96
7021.jpg,33
7252.jpg,170
7014.jpg,82
7135.jpg,33
6984.jpg,89
7236.jpg,55
7099.jpg,42
7451.jpg,30
6895.jpg,31
7300.jpg,69
7152.jpg,71
6940.jpg,71
7036.jpg,187
6723.jpg,276
7064.jpg,276
7648.jpg,244
7476.jpg,193
7212.jpg,228
7093.jpg,261
7684.jpg,162
7162.jpg,244
6820.jpg,176
6894.jpg,173
7045.jpg,55
7674.jpg,54
6881.jpg,146
7712.jpg,59
7139.jpg,21
7087.jpg,100
7623.jpg,84
7137.jpg,95
6910.jpg,46
7642.jpg,46
7323.jpg,21
6978.jpg,40
7681.jpg,58
7110.jpg,35
6795.jpg,99
7492.jpg,76
6807.jpg,107
7380.jpg,63
7570.jpg,92
6718.jpg,82
6941.jpg,93
6791.jpg,66
6905.jpg,49
7094.jpg,151
6891.jpg,30
7199.jpg,123
6821.jpg,42
7502.jpg,17
7430.jpg,78
7377.jpg,68
7333.jpg,23
7009.jpg,209
7354.jpg,31
6773.jpg,108
7041.jpg,24
6977.jpg,101
7616.jpg,31
6947.jpg,57
6987.jpg,64
7264.jpg,19
7127.jpg,113
6724.jpg,59
7516.jpg,34
7113.jpg,35
7231.jpg,24
6759.jpg,17
6797.jpg,21
6832.jpg,18
7058.jpg,18
6854.jpg,8
7631.jpg,18
7556.jpg,25
7157.jpg,20
7217.jpg,23
7499.jpg,23
7372.jpg,62
7165.jpg,234
7325.jpg,25
7394.jpg,27
6737.jpg,18
7055.jpg,24
7509.jpg,20
7374.jpg,36
7618.jpg,12
7587.jpg,12
6819.jpg,12
6758.jpg,26
7163.jpg,13
7702.jpg,12
7533.jpg,34
7245.jpg,16
7392.jpg,22
6946.jpg,12
7001.jpg,24
7081.jpg,36
7241.jpg,16
7414.jpg,30
7105.jpg,20
6768.jpg,52
7084.jpg,16
6933.jpg,19
7427.jpg,21
7203.jpg,88
7508.jpg,35
6991.jpg,27
7613.jpg,20
7706.jpg,68
7460.jpg,35
7225.jpg,159
6824.jpg,33
7207.jpg,30
7704.jpg,77
7288.jpg,60
7061.jpg,40
7399.jpg,91
6995.jpg,41
7299.jpg,50
7190.jpg,60
6909.jpg,72
7187.jpg,50
7290.jpg,50
7085.jpg,16
7584.jpg,13
7404.jpg,13
7383.jpg,60
6841.jpg,40
6890.jpg,16
7191.jpg,43
7513.jpg,34
7431.jpg,78
7667.jpg,72
7309.jpg,47
7297.jpg,18
7494.jpg,20
7018.jpg,94
7448.jpg,72
7237.jpg,300
7446.jpg,39
7020.jpg,51
7086.jpg,42
7016.jpg,100
7482.jpg,129
6777.jpg,122
6914.jpg,70
7259.jpg,76
7375.jpg,267
7686.jpg,166
6716.jpg,61
7457.jpg,157
6900.jpg,153
7606.jpg,99
6864.jpg,111
7578.jpg,86
7306.jpg,55
7519.jpg,50
7576.jpg,92
7104.jpg,287
7647.jpg,47
6830.jpg,96
7287.jpg,129
7349.jpg,75
7204.jpg,61
6888.jpg,153
7183.jpg,62
6793.jpg,62
6934.jpg,87
7111.jpg,193
7178.jpg,60
7445.jpg,51
7138.jpg,46
7321.jpg,95
7292.jpg,109
7419.jpg,128
6907.jpg,53
6799.jpg,48
7132.jpg,33
7286.jpg,20
7022.jpg,51
7215.jpg,405
7579.jpg,29
7364.jpg,259
7037.jpg,63
6845.jpg,27
6884.jpg,70
7406.jpg,42
7179.jpg,40
7517.jpg,30
7577.jpg,18
7083.jpg,17
7471.jpg,48
6738.jpg,53
7630.jpg,35
7307.jpg,30
7066.jpg,55
6800.jpg,51
6770.jpg,54
7534.jpg,49
7632.jpg,81
7291.jpg,81
7450.jpg,66
7070.jpg,39
6802.jpg,95
7444.jpg,47
6862.jpg,219
7382.jpg,154
7362.jpg,105
